NÃ³,Cor
107,0
1684,1
1505,2
1666,3
1656,4
990,5
1450,6
1534,4
1726,2
3263,0
3278,7
3245,8
3222,6
3057,3
2764,3
2822,2
3011,4
2883,0
3361,0
2693,5
2999,4
1642,6
2941,7
2968,0
2760,4
2678,7
3164,6
3258,5
3020,6
3205,3
3179,0
3396,2
3076,3
3350,6
2833,7
3182,8
2937,9
3332,10
2894,11
3079,12
2719,4
3060,13
2875,14
2742,7
3172,15
3320,0
3411,9
2823,7
2684,16
2708,13
2672,15
2701,17
2797,14
3262,18
3280,5
2661,12
3261,9
2778,16
3116,15
3185,10
3115,17
3101,2
3082,11
3150,8
3201,14
3132,18
3434,6
3291,16
3397,10
2793,3
3035,13
3252,19
2863,9
3351,20
3344,21
2849,4
3049,22
2674,23
3247,24
3152,21
2828,8
3347,17
2939,25
3330,0
2973,23
3120,17
3169,26
3391,27
3277,15
3297,6
2853,7
2970,16
3070,5
2765,28
3239,8
3146,27
3021,29
3416,0
3206,26
3265,3
3419,25
3102,11
2770,30
3316,20
2991,28
2869,24
3267,12
3113,10
3381,21
2781,18
3051,22
2992,20
3145,19
2796,26
3335,5
3204,2
2901,23
3378,6
3198,4
3106,9
3355,15
3038,14
2753,25
3240,12
2936,5
2989,13
3321,5
3288,0
3406,18
2748,8
2716,15
3224,4
3386,7
3154,2
2904,3
3017,12
3342,6
3345,2
3299,0
2720,17
2951,3
3140,4
2780,10
2712,3
3188,4
2976,11
3089,6
3287,5
3360,9
3027,0
3274,7
3302,9
3353,11
3111,17
3298,12
3296,4
3422,8
3160,0
2787,7
2881,2
3272,2
3005,7
3377,11
3170,3
2950,6
3016,4
2733,7
3403,4
3148,0
3034,8
2840,7
3118,9
3002,12
2662,5
3260,3
3039,12
3199,8
2665,5
2921,7
2785,11
3212,8
2958,10
2914,11
3214,8
3046,5
3041,14
2751,0
2783,2
2713,0
3225,6
3209,12
2846,13
3013,6
2730,0
3019,8
3366,6
3191,4
2996,3
3100,5
3203,7
2845,6
2984,6
2687,3
3009,4
3109,7
2724,11
3162,13
3233,14
2737,3
3136,2
3327,3
3168,7
3295,4
3207,9
3077,5
3412,10
3177,3
2728,15
3086,16
3018,9
3346,10
2892,15
3176,2
2775,0
3273,16
3415,0
2829,0
3379,0
2830,13
3356,3
1405,2
3072,10
3001,5
2739,2
2711,12
3285,4
3319,0
3007,5
2779,2
3385,6
3253,12
2871,5
3097,5
2772,2
3313,9
3107,10
3087,8
2955,11
3395,3
2932,9
2718,7
2758,5
3255,3
3256,4
2675,6
3187,13
3369,10
3196,14
3264,15
2843,12
3365,7
2865,2
2918,7
2715,3
3124,6
2832,2
2768,13
3032,8
3380,10
3219,12
3337,3
3331,9
3062,10
3306,6
3259,11
2686,0
3075,8
2844,9
3236,0
3421,2
2859,2
3189,7
3359,2
2947,4
3192,3
3058,3
3352,0
3341,7
3289,4
3215,11
2812,3
2819,8
3223,3
3186,2
2868,6
2938,3
3194,2
2995,4
3112,0
2668,6
3279,7
3307,2
2784,3
2813,9
3221,4
2702,9
3275,0
3420,6
3103,7
3241,8
3410,11
3371,12
2848,4
3276,4
3404,4
3167,9
2965,2
3340,8
2682,2
3249,0
2876,0
3156,0
2990,6
2870,7
2934,3
2816,3
3117,2
2946,4
2690,4
3178,3
2795,7
3110,5
3431,0
3248,2
2762,5
2667,0
2803,0
2825,2
3393,8
3329,2
3211,5
3138,4
3173,3
2856,7
2979,0
3409,4
2964,6
2707,2
3373,0
3043,3
2858,6
3326,4
3093,4
3357,7
3069,3
3068,3
3242,5
3210,2
3151,2
2744,8
2900,0
2841,7
3171,5
2836,0
2734,6
2696,6
2831,0
3383,5
2723,2
3312,9
3144,2
2878,4
3050,6
2923,0
2697,8
3246,9
2820,2
3244,4
2962,6
3402,0
3208,6
3081,3
3024,3
3328,0
2771,9
2954,6
3349,5
3281,5
3367,6
3418,2
3133,0
3099,8
2802,0
2801,6
1419,2
2735,0
3374,0
2677,2
3343,2
2957,5
3067,0
2818,2
2747,4
2727,2
3048,5
3254,3
3190,8
2791,4
3088,0
2709,6
2700,7
2685,6
3061,7
3405,2
3358,2
2688,4
2942,0
2882,5
3334,5
3235,3
2759,6
3157,2
3292,4
2847,5
3015,3
2826,3
3308,4
2804,2
2790,2
3266,5
3398,6
3197,3
2898,4
3424,5
3094,0
2811,0
1758,5
1171,5
2895,3
2725,3
3389,0
3165,0
3159,0
3370,0
3175,0
3161,3
1674,1
2935,0
2949,2
2983,3
2933,5
3066,6
2997,4
3063,7
3012,7
3155,0
3368,2
3028,4
3425,2
3128,0
3083,5
2886,3
3322,4
3126,7
3336,5
2926,3
3427,5
3338,6
3401,7
3376,8
1140,1
1098,5
1317,3
1561,1
1369,5
1165,4
991,5
1678,3
1360,4
1555,5
1852,2
1327,3
973,6
1702,5
951,1
1718,6
1523,4
1911,7
1863,3
1440,1
1909,4
1361,2
1626,8
1321,9
1124,6
1858,4
1214,1
1813,4
1437,3
1780,7
1800,5
1337,2
1161,6
1283,1
1150,10
1817,2
1865,3
1888,7
1663,8
1199,9
1768,10
1078,11
1211,12
1551,13
1879,14
1447,15
1222,16
1352,1
1126,17
1399,18
1604,19
1730,6
1431,3
1584,20
1589,21
1377,22
1559,23
1804,2
1471,24
1835,14
1839,10
1335,25
1793,4
1714,16
1746,19
1376,26
1827,11
993,27
1833,15
1621,28
925,29
1059,30
1554,31
1516,32
1757,33
1612,4
1185,13
1799,34
1613,18
1603,29
1662,8
1269,25
1669,24
1467,35
1391,33
1522,36
1076,37
1420,9
1329,12
1557,35
1622,12
1146,32
1509,36
1491,31
1761,38
1823,37
947,39
1683,25
946,24
1341,36
1267,30
1291,34
1608,35
1243,33
1735,22
1184,38
1390,23
1367,27
1707,39
1520,40
1610,20
1132,40
1086,31
1736,27
1017,26
1717,36
980,34
1079,26
1107,22
1721,10
1867,40
1004,17
1750,2
1689,20
1752,6
1623,41
1597,36
978,30
1250,22
1181,23
1668,35
1547,38
1810,2
1006,21
1791,17
1849,36
1842,38
1125,28
1198,36
1816,29
966,41
1488,26
1172,34
1153,30
1456,37
1101,29
1302,36
1238,12
1256,6
1619,42
1370,13
1598,41
1665,24
1712,11
1886,14
1530,17
1230,37
1789,10
1163,4
1288,32
1330,4
1809,25
1083,14
1868,27
960,33
1271,38
916,15
1331,28
1826,22
1289,5
1643,9
1024,18
1175,18
1117,29
1416,28
953,32
1741,33
1305,11
1898,16
1339,32
1156,8
1605,11
1449,6
1819,33
1242,8
1380,2
934,40
1902,4
1128,24
952,10
1737,8
1351,19
1255,37
1675,30
1617,3
1191,4
921,19
1563,7
1795,3
1149,36
1003,13
1344,9
1600,15
1272,25
1659,3
1753,36
1632,1
999,22
1207,1
982,3
1287,10
1173,21
1205,3
1580,22
1620,13
1290,16
967,38
1048,15
1049,14
1685,16
1590,19
1480,16
1652,21
1653,3
927,3
1375,12
1570,5
1334,17
1637,20
1861,25
997,26
1483,2
1026,25
1323,18
1609,11
1891,33
1135,11
1028,2
1182,28
1864,2
1409,4
1845,17
1388,5
1075,12
1796,13
1123,5
1644,7
1130,1
1047,19
1340,6
983,1
1040,7
1457,17
1160,9
1359,28
1772,11
1312,17
1402,4
1877,9
1542,14
1285,5
1336,4
1688,7
1539,5
1639,11
906,4
1280,6
1209,18
1614,8
1528,5
1765,23
1201,4
1535,7
1195,2
1029,17
1538,1
1782,10
1112,1
1470,1
1811,9
1389,14
1571,16
1724,2
1054,1
1532,8
1110,20
897,8
995,11
1056,1
1219,12
1734,6
1068,2
1293,2
1832,8
1540,7
1074,14
932,10
1754,4
959,10
1180,17
1365,5
1524,1
1722,7
1513,4
1723,3
1485,8
1092,7
1572,13
1517,1
1393,1
1460,7
1278,3
526,19
1398,10
1851,1
1164,2
1435,2
1843,4
1039,4
1556,3
1774,2
1846,10
1407,3
1265,1
1821,2
1116,1
1439,4
1519,3
1458,7
922,12
1769,9
1553,2
1196,1
1836,10
1618,5
1063,2
1900,1
1069,4
972,2
926,3
1771,8
1484,2
1091,3
1700,4
1883,7
1710,2
913,3
1487,1
1881,4
1497,2
1885,5
484,2
968,5
1805,3
1501,2
1084,2
1874,3
1779,8
1818,4
1217,6
1897,7
1646,6
1401,1
606,3
1807,1
1658,2
1444,8
1630,4
1343,3
1594,5
920,1
1411,2
1577,1
637,3
1536,9
1052,2
1473,5
1258,7
1366,10
1159,3
1525,8
1338,11
917,5
1070,1
1703,2
1051,6
1709,12
1275,13
944,14
1472,7
1876,15
1504,6
1260,9
1355,4
924,5
1482,3
1496,14
1770,10
1469,4
1037,12
1569,9
1041,5
1259,8
1188,12
1011,13
1310,8
1236,14
1299,1
1727,8
1167,10
1686,12
1699,13
1183,14
1634,5
1225,8
1139,1
1783,2
1624,9
1109,6
1348,11
1529,5
1507,12
1541,1
1189,9
1226,6
1904,2
1415,13
1725,1
1131,3
1311,5
1906,3
389,2
1304,6
1106,7
1738,11
1306,4
1072,4
1681,10
1121,13
1847,8
977,1
1296,3
1815,2
1633,2
1500,11
1010,4
1785,9
949,3
1221,4
1418,1
1650,6
1794,3
1166,3
1246,7
1436,1
1428,8
1667,3
994,11
1035,2
964,7
1062,9
1308,3
1213,6
1745,6
1141,7
1152,9
1373,1
1427,6
1781,10
1869,8
1170,7
1549,3
1672,5
1005,10
1089,4
1228,8
1412,9
1169,6
1249,9
1748,7
1756,2
940,9
965,3
1042,3
483,7
651,3
1237,3
1828,8
1481,4
1241,6
353,8
1080,10
1155,4
1844,5
1001,8
1012,2
363,1
1358,9
366,11
1122,12
580,13
1574,6
1616,14
1320,10
566,12
1645,15
1882,1
1179,5
517,4
1692,16
1374,17
475,14
538,14
1349,16
930,2
1673,15
1740,4
936,16
1514,17
1677,11
1679,5
1744,2
1878,3
1313,1
976,10
641,11
1565,8
1318,14
1113,16
1332,12
1446,5
1142,1
1766,13
1790,2
948,15
1543,17
1512,6
1694,12
1300,8
1763,4
1606,6
1695,11
1625,9
1773,10
428,7
1210,1
1114,3
1767,2
376,6
1025,2
1660,3
1870,3
1400,3
1778,9
915,10
1408,8
1464,4
1801,1
1357,4
1294,8
559,0
412,3
348,5
544,9
373,2
561,10
492,15
513,1
400,16
391,17
497,3
524,13
417,18
553,3
374,8
378,19
506,11
514,3
414,4
465,3
438,9
431,13
456,15
525,18
503,6
493,20
500,0
408,12
461,17
370,16
507,15
436,8
395,19
402,17
520,14
387,20
567,9
537,17
542,12
527,20
423,12
515,9
419,3
404,1
545,16
523,0
360,4
432,2
392,4
511,11
556,7
563,3
460,1
591,5
439,7
479,3
444,3
430,1
604,13
669,11
482,0
409,2
487,9
512,0
398,7
368,9
471,4
560,9
488,2
394,10
614,5
536,6
496,10
388,11
434,1
463,3
570,10
420,10
683,11
451,0
494,8
352,0
375,4
676,1
422,6
452,4
557,8
397,4
645,7
601,2
421,6
445,2
462,3
548,1
473,0
415,8
495,6
458,2
416,4
565,6
558,0
446,3
555,7
504,0
367,8
355,10
1425,4
962,12
1095,5
1545,8
1671,6
1743,3
519,2
1531,4
1526,1
1223,4
425,4
362,7
413,4
1429,10
1273,4
1032,9
1247,11
1453,9
914,12
1575,2
1893,10
1014,11
1515,12
1066,13
1204,6
1786,14
1871,15
1729,16
1742,17
1282,18
1261,19
1820,20
1099,21
1661,4
942,22
1894,12
984,23
1020,6
1396,24
1102,8
1812,23
1824,8
1454,3
1108,10
1582,3
1303,19
954,21
1382,22
1245,10
1451,7
1277,1
1751,13
1495,5
1309,16
1324,1
1848,18
1508,3
896,16
1502,13
1732,1
1281,6
1638,5
941,7
1018,2
1595,8
898,7
1316,18
969,4
1081,10
1192,19
1706,8
1649,7
1215,18
1907,3
919,11
1104,13
1235,3
1591,11
971,12
1347,9
1459,15
1406,2
1583,7
1345,14
1227,2
1573,17
1479,5
1636,4
1067,18
1475,12
1231,8
1715,10
1148,6
1284,9
1322,20
1462,21
1628,22
1298,8
1158,23
957,24
1423,14
1596,10
1611,25
1292,26
1857,12
1576,11
1716,9
1691,2
1379,23
1404,27
975,18
1899,19
1129,24
1082,4
1120,18
1426,24
1448,6
1100,9
1413,15
1036,22
1862,6
981,1
1257,23
1019,26
1587,27
1680,17
1021,25
1060,7
1859,11
1432,2
902,7
1841,4
1720,17
1647,5
1315,1
1279,3
988,23
1873,12
1550,6
1115,7
1872,8
1009,5
1229,17
1903,11
1578,8
1438,5
1655,2
1015,6
1190,11
1392,6
989,6
1635,10
1682,8
1350,5
1381,6
1884,15
1728,12
596,1
1044,11
1764,10
1503,14
933,1
1286,3
1850,2
1592,1
1489,1
1875,5
1704,5
1007,2
1830,2
547,9
481,11
531,1
354,12
489,0
359,2
361,4
396,3
474,7
450,10
546,11
403,1
510,6
418,1
539,2
426,2
1397,6
508,0
440,4
1385,1
1422,7
905,10
1143,5
1887,1
1831,7
1212,5
1910,9
1127,3
543,2
634,0
646,2
470,0
521,3
410,2
1739,1
907,1
1853,7
455,4
372,7
1064,1
1566,4
931,2
1478,2
350,6
1356,6
1094,2
939,3
1829,4
1234,2
569,6
1901,4
1492,1
1090,4
490,4
1602,3
1527,5
1364,8
1244,1
442,2
382,3
986,2
502,0
491,7
1463,1
1342,6
1239,1
1537,4
1000,7
974,1
1077,8
1465,3
943,2
535,6
1134,5
587,1
1631,1
1490,2
1443,3
1220,1
1154,1
1506,3
1414,2
385,0
1085,1
1518,5
1371,1
1567,6
1687,2
1803,7
1588,9
1136,8
1593,3
1866,10
1705,11
1187,8
1307,7
1806,11
908,1
1494,10
1825,9
1511,3
1274,5
1433,12
1698,10
1615,9
1421,3
1410,6
1144,12
1328,4
1325,11
1033,8
970,1
1719,10
1174,1
1676,7
1251,4
1641,6
900,3
1708,1
1061,3
928,2
1088,2
1178,3
950,3
369,0
469,6
1585,1
620,0
630,3
609,5
653,2
654,1
592,7
579,8
644,9
666,6
573,0
619,10
597,11
636,1
680,3
633,5
625,6
603,2
617,2
618,8
678,5
677,5
684,9
623,3
589,10
611,12
664,11
685,9
598,11
605,6
626,10
575,5
612,0
590,1
588,3
622,1
616,0
584,2
639,6
574,6
1860,3
1544,4
1434,2
1564,5
1441,6
1055,7
1822,9
1266,4
1905,2
1050,3
407,7
528,1
1808,1
1749,2
682,0
1696,3
1670,1
1908,3
1268,2
631,1
629,1
405,0
568,6
522,3
429,6
466,7
529,8
1073,2
541,7
449,1
433,2
1093,1
998,1
1775,1
1697,1
1640,6
1461,1
1203,2
672,6
540,1
1372,3
679,6
586,3
1787,2
516,1
457,7
518,8
554,9
357,10
551,4
424,11
486,8
505,0
381,10
509,3
477,2
380,4
459,0
435,1
1384,6
1013,4
1599,1
1814,6
1731,5
1162,2
1477,5
1445,4
1023,3
912,2
663,2
621,3
1248,4
1103,4
985,1
1840,4
937,3
935,3
1521,1
1498,3
1263,1
1168,5
1151,1
365,0
961,4
1045,1
1202,3
427,0
2903,0
1053,2
1008,3
923,1
534,2
478,3
3323,0
2752,0
1701,1
1654,1
1552,3
1058,2
1087,5
657,1
480,0
3432,0
3270,0
3217,2
1855,1
1792,2
1759,1
1301,3
655,0
533,0
390,0
3429,0
3310,0
3305,2
2980,2
2736,4
2692,0
1777,1
1476,2
1455,2
1417,2
1346,2
1038,1
610,0
593,1
485,0
371,0
349,4
1912,0
2543,2
2111,4
2199,5
2081,7
2007,8
2328,9
2598,10
2054,11
2283,12
2333,13
2289,14
2087,15
2282,16
2187,17
2032,18
1945,19
2153,20
2510,21
2555,22
2149,23
2642,24
2629,25
2247,26
2196,27
2643,28
2384,6
2302,29
2047,11
2336,8
2028,30
2292,8
2138,26
2351,31
2533,32
2183,24
2347,9
2471,3
2224,33
2071,34
1932,35
2463,22
2461,32
2039,36
1920,14
2338,37
2332,38
1941,23
1948,39
2148,40
2279,19
2592,33
2567,41
2597,42
2194,21
2315,43
2372,18
2053,35
2042,34
2191,25
2135,23
2420,38
2117,13
1994,3
2465,9
2102,35
2319,30
1959,28
2511,31
2068,8
2241,37
2127,16
2134,33
2052,41
2491,36
2133,38
2125,5
2180,13
2649,20
2436,5
1940,2
2273,2
2144,29
2072,2
2451,27
2398,28
1926,1
2174,25
2617,34
2509,17
2327,8
2189,24
2508,29
2294,28
2010,29
2582,31
2588,39
2176,12
2203,7
2268,9
2038,40
2512,41
2419,15
2616,27
2250,8
2151,40
2475,34
2589,23
1947,14
2344,21
2498,24
2343,42
2169,16
2143,4
1954,30
2246,8
2254,32
2223,39
2458,15
2608,8
1916,13
2445,13
136,37
1955,3
2472,3
2653,18
2609,19
2026,4
2394,22
2377,23
2128,16
2516,27
2594,6
2002,6
2293,5
2267,10
2537,30
2368,2
2399,1
2132,12
2434,10
1939,20
2264,5
2161,23
2062,18
2101,3
2417,7
2235,19
2396,24
2603,25
2438,26
1981,29
2501,1
2243,32
2652,36
2390,15
2075,3
2479,17
1970,19
2280,4
2285,5
2215,3
2385,17
2137,3
2259,12
2198,7
2003,27
2110,32
2325,2
2304,4
2330,1
2232,15
2415,5
2547,2
2222,7
2221,2
2367,9
2468,10
2473,9
2239,12
2502,11
2274,1
2518,1
2519,7
2057,1
1987,6
1985,1
2345,2
1964,3
1923,4
2432,3
2031,5
2226,5
2155,3
2544,3
2529,2
2163,3
2571,1
2379,7
2295,3
2496,1
2211,7
2525,1
2610,6
2145,8
2416,9
2637,5
2322,4
2209,8
2242,7
2530,4
2635,1
2318,6
2366,6
2296,10
2029,3
2272,10
1944,15
2310,7
2557,8
2612,12
2480,11
2362,13
2425,15
2141,1
2096,4
2406,13
2566,14
2355,3
2085,2
2065,2
2185,2
2233,3
2581,1
2208,5
2572,6
2605,4
1952,1
2142,4
2313,9
2116,4
2249,1
2186,4
2305,2
2266,5
2278,8
2542,6
2611,7
2229,11
2526,12
2429,1
2410,13
2560,14
2309,15
1983,16
2184,17
2395,18
2551,19
2206,20
2078,21
1993,22
2464,24
2507,25
2240,26
2244,27
2602,28
2340,29
2131,30
2088,31
2604,32
2150,33
2428,34
1946,35
2601,36
2090,37
1938,38
2586,39
2030,40
2615,41
2103,42
2354,43
2578,44
2521,45
2218,23
2220,46
2073,47
2201,48
2118,49
1962,50
2139,51
1984,52
2356,53
2374,54
2123,10
2590,55
2607,56
2188,57
1943,58
2324,54
2172,19
2059,59
2624,60
2093,61
2369,31
2331,45
1917,3
2414,62
2564,9
2290,63
2108,64
2625,52
2064,8
2275,65
2593,1
2104,2
2326,66
2460,67
2655,68
2121,69
2308,70
2500,16
2271,34
2492,6
2638,71
2381,36
2124,61
2140,67
2352,14
2553,35
2069,53
2520,43
2549,71
1971,28
1966,57
2550,66
2482,41
2323,12
2559,43
2074,69
2630,18
2409,7
1929,72
2339,6
2154,45
2370,60
2408,64
2043,70
2561,44
2619,62
2033,6
2430,55
2253,19
2376,51
2020,68
2573,73
2190,62
2040,6
2045,40
1979,27
2446,21
2112,48
2276,56
2363,33
2348,50
2307,40
2212,30
2600,11
1918,33
2257,42
2654,8
2299,17
2467,46
2423,10
2095,26
2433,44
2200,4
2404,2
2359,22
2063,18
2122,28
2386,67
2083,15
2504,13
2469,67
1997,39
2086,38
2216,66
2077,57
2306,24
2005,6
1986,47
2539,58
2546,15
2623,48
2485,17
2109,23
1953,13
2115,9
2418,26
2037,33
2556,16
2261,42
2495,5
2165,53
2484,25
2046,36
2579,39
2646,12
2237,25
2334,29
1925,37
2329,12
2563,58
2575,49
2098,1
2552,14
2084,6
2506,13
2631,14
2489,15
2477,11
2532,2
2213,12
2462,6
2554,32
2574,7
1963,2
2056,7
2591,6
2300,25
2179,6
2060,17
2210,25
2164,9
2392,29
2407,23
2353,9
2606,1
2499,20
1989,8
2058,13
2478,6
2136,1
2287,9
2055,10
2536,1
2391,4
2311,1
2258,8
2449,3
2387,11
2576,8
2613,1
2021,4
2476,1
2092,2
2147,3
1942,10
2303,9
2067,5
2393,13
2427,2
2044,8
2234,14
2350,10
2383,5
2019,4
2048,4
2214,4
2443,7
2288,1
2389,5
1913,9
2531,10
2400,1
2413,11
2312,12
2036,8
2641,5
2298,6
2291,9
2454,1
2599,1
2459,1
1972,2
2584,3
2522,1
2205,3
2540,2
1982,3
2262,1
2524,2
1973,3
2099,1
2270,2
2453,1
2177,1
2252,2
2640,5
2538,6
2009,8
1995,10
2018,11
2378,12
2171,8
2364,7
1951,9
2024,4
1927,13
2001,1
2004,14
2447,3
2027,15
1998,13
2645,16
2157,2
2365,9
2337,17
2647,5
2494,15
2284,14
1980,2
1999,7
1991,3
2583,6
2636,17
1914,18
1919,11
2648,17
2225,6
2660,12
2620,15
2627,19
2061,20
2657,4
1935,16
2006,5
2011,21
2202,10
2658,7
2633,13
1921,6
2585,8
1957,18
2159,12
1931,9
2659,1
2097,10
2022,17
2192,18
2297,4
2639,11
2346,18
2000,12
2025,3
2435,19
1976,10
1968,14
2626,7
1958,3
2050,1
1928,4
2016,1
2012,3
1950,4
2126,4
1965,1
2568,5
2265,1
2452,1
2014,1
2361,6
2013,3
1977,2
2182,2
1960,5
2371,1
2317,7
2440,2
2231,3
2448,8
2628,10
2488,11
2228,12
2035,7
2089,13
2236,9
2618,4
2342,6
2129,12
2091,10
2023,4
2107,1
2049,4
2411,2
2397,1
2644,3
2474,6
2523,7
1975,3
2335,8
1930,5
2146,3
2197,8
2341,5
2577,8
2082,5
2402,2
2070,1
2412,3
2120,2
2160,7
2260,4
2570,2
2156,6
2173,1
2286,7
2497,5
2314,9
1990,2
2503,10
1936,6
2534,12
2248,13
2403,2
1978,3
2405,6
2587,5
2152,7
2614,1
2277,1
2162,7
2119,5
1922,8
2193,7
2130,2
2158,1
2181,7
2656,2
2455,1
2114,2
2562,3
2238,9
2373,4
1934,1
1933,1
2360,2
2316,1
2175,1
1988,2
2401,1
2622,3
2207,1
2426,4
2490,1
2357,2
2424,2
2105,1
1915,4
2545,2
2514,1
2066,2
2251,2
2080,3
2256,5
2008,5
2076,5
2650,6
2486,7
2349,8
2170,9
2444,10
2320,11
2513,11
1992,5
2515,4
2466,3
2255,2
2166,2
1949,2
2580,1
2517,4
2558,2
2051,3
2450,4
2632,5
2113,5
2217,1
2439,3
2548,6
2375,4
2100,3
2456,1
2651,2
2227,3
1974,5
2493,1
2388,2
2358,3
1924,4
2505,4
2230,2
2219,1
3363,0
2694,2
2754,4
3426,3
3078,5
2669,6
2839,7
2966,8
2944,9
3232,10
2877,11
2782,12
3387,13
2956,14
2960,15
2750,16
3022,17
2786,10
2906,18
2927,11
2755,3
2916,14
3226,19
3284,20
3108,21
3033,9
2664,22
3096,23
2986,13
3348,18
2777,16
2757,24
2676,25
2872,15
2866,2
3339,24
3195,6
2911,22
2827,4
3149,0
2698,21
3142,26
3064,8
2666,22
2985,23
2905,20
2912,27
2909,23
2913,17
3098,12
2717,10
3026,25
2800,19
3090,7
2919,8
2890,6
2689,15
2815,11
3040,5
2925,26
2969,0
3047,4
3324,5
2910,24
2943,22
2867,20
3417,12
2679,2
2928,17
3056,21
3000,3
3054,25
2940,14
2920,26
2880,14
3004,21
2897,5
3174,16
3362,19
3104,13
2873,23
2862,20
2763,13
2974,8
3433,5
2738,16
3065,12
2749,6
2706,18
2810,25
3220,23
3073,4
2680,4
3250,16
2915,15
2864,3
3119,0
2988,9
3184,3
2773,3
3085,17
2896,13
2806,10
3399,7
2683,17
2994,22
2729,8
2929,21
3384,0
3084,4
3364,11
2931,8
2741,18
2681,6
2945,2
2993,5
3029,9
2756,18
3014,17
3435,16
3293,9
2743,10
3052,2
2924,4
2887,6
3228,8
2874,7
3301,7
3213,4
3304,3
3129,2
2953,5
2907,11
3135,13
3158,14
3025,5
2835,8
3238,6
3243,3
3114,2
3400,0
3137,9
3257,12
3166,7
3036,14
3023,6
2977,11
2850,2
2745,0
2673,12
2908,0
3234,8
3123,10
2705,5
3163,10
2967,2
3303,0
2731,3
3286,0
2891,6
2761,10
3193,9
3294,7
2987,12
2794,2
2854,2
3390,0
3414,4
2948,11
2917,0
3237,4
3042,5
3315,5
3010,3
3394,7
2981,6
2746,5
3080,4
3231,6
2663,0
2807,8
3430,4
2809,0
2766,3
2695,3
2978,2
2888,4
2837,2
3202,0
2851,3
2789,5
3139,5
2726,4
3392,8
3229,2
3095,4
3130,7
2821,4
3153,3
3092,3
2961,5
3300,6
2769,0
2710,5
2852,0
3388,6
3030,5
3436,0
3317,5
3269,5
3333,2
2899,3
3428,2
3045,0
2805,0
3044,2
2884,3
3059,3
1837,3
1733,4
1216,6
1533,7
903,8
992,9
1548,5
1895,10
1097,11
1118,12
1798,13
1452,14
901,15
1333,16
963,17
1880,18
1601,19
1378,20
1468,21
1568,22
1232,9
1137,2
1319,9
1493,1
938,8
1314,1
1648,6
958,8
1747,13
1629,5
1363,10
1424,7
1186,1
1784,7
1892,1
1802,2
1177,2
987,4
171,2
1889,1
1562,2
1197,2
1138,3
956,4
1499,5
1218,6
979,7
1403,8
1016,9
1896,1
1043,3
909,4
1788,5
1368,6
955,7
1111,8
1030,1
1254,2
58,4
0,1
173,2
549,1
649,1
34,0
1387,1
1297,4
1486,3
2893,2
2041,2
2528,1
2263,4
2621,5
2431,3
2321,3
2034,1
2017,1
1240,1
1838,2
1664,1
1133,1
3290,0
2422,3
2015,1
1797,2
1711,1
1579,1
1442,2
1354,1
1295,2
1264,4
1157,1
1147,1
1057,2
929,4
671,0
562,1
472,1
3143,2
2963,0
2885,3
2855,0
2441,1
1969,1
1937,4
1856,1
1762,2
1713,1
1651,1
1510,1
1474,1
1383,2
1200,1
1031,1
1022,2
996,1
945,1
673,0
652,0
530,0
2889,2
3318,3
3325,0
3309,4
2670,5
2703,6
3382,7
2972,8
2959,9
3423,10
3314,11
3008,12
2879,13
3283,2
2982,8
2699,10
3311,9
2834,4
2767,0
2535,1
2301,3
1961,2
2487,4
2281,5
1956,1
2245,2
2094,6
2167,2
1193,3
594,0
3091,0
2824,2
2721,3
2671,4
3227,0
2634,3
2421,2
2437,3
2204,4
1776,3
1657,4
910,5
1607,3
464,1
3121,2
3003,0
2838,3
2971,0
2106,1
552,0
384,2
3413,0
3375,0
2998,0
2952,2
2922,2
2860,0
2808,0
2798,2
2722,0
2714,2
2442,1
2380,1
2178,2
2168,3
1546,2
1362,1
1353,2
1252,3
1034,2
899,3
667,1
660,1
656,0
571,1
448,0
3437,0
3830,2
3684,3
3633,4
3756,5
3948,6
3851,7
3495,8
3577,9
3501,10
3797,11
3692,12
3596,1
3449,13
3586,14
3938,2
3456,3
3677,8
3734,11
3674,15
3841,16
3604,12
3545,6
3448,15
3800,16
3651,12
3693,10
3962,7
3625,1
3609,14
3943,11
3877,15
3968,13
3721,7
3480,7
3873,5
3971,9
3750,10
3842,12
3440,5
3540,4
3525,2
3886,8
3438,1
3491,5
3656,7
3889,3
3838,3
3611,8
3824,7
3884,14
3737,4
3926,4
3640,5
3804,9
3488,10
3514,11
3790,13
3605,14
3576,11
3902,16
3860,17
3731,3
3528,15
3687,18
3518,19
3858,16
3557,14
3966,13
3702,8
3730,2
3542,5
3672,17
3578,10
3475,1
3828,7
3497,2
3527,1
3670,4
3930,7
3635,10
3471,10
3852,7
3845,2
3462,2
3559,1
3627,3
3913,4
3891,5
3707,6
3642,8
3450,5
3573,4
3452,9
3697,1
3618,2
3741,5
3517,3
3658,4
3831,4
3667,2
3785,2
3485,4
3788,2
862,2
3762,4
3574,6
3760,5
3780,6
3521,5
3550,6
3683,1
3563,9
3929,1
3703,1
3533,7
3944,2
3512,6
3503,4
3832,3
3779,3
3484,2
3556,2
3817,1
3496,2
3940,4
3872,4
3736,1
3654,5
3796,1
3934,5
3681,2
3543,3
3603,2
3712,1
3461,2
3526,2
3950,3
3621,1
3454,2
857,4
3520,4
3492,4
3755,3
3552,3
3880,3
3522,2
3861,3
3592,3
3547,1
3979,1
3888,2
3659,4
3610,5
3847,2
3772,1
3626,5
3548,2
3908,1
3661,3
3795,3
3455,1
3722,3
3553,4
3505,7
3442,6
3629,8
3753,9
3850,4
3773,8
3599,5
3921,2
3728,7
3835,10
3710,11
3907,4
3713,12
3636,13
3740,9
3590,14
3867,3
3862,4
3705,1
3615,7
3608,8
3498,6
3802,7
3735,4
3815,6
3715,7
3663,3
3769,3
3470,2
3778,7
3876,4
3666,1
3698,1
3472,3
3685,8
3508,2
3644,5
3482,6
3598,9
3840,6
3827,2
3936,1
3747,3
3607,4
3977,1
3918,1
3628,2
3933,1
3791,4
3500,5
3776,6
3809,7
3960,2
3587,8
3478,9
3920,10
3783,11
3696,7
3655,12
3967,11
3964,2
3766,10
3641,3
3664,3
3901,2
3561,3
3941,1
3916,1
3805,2
3970,1
3660,1
3632,3
3720,2
3477,1
3457,3
3839,1
3504,2
3637,2
3897,4
3865,1
3765,1
3686,2
3619,2
3588,3
3565,3
698,1
3617,1
3927,2
3469,1
3945,4
3474,2
3464,3
3915,5
3829,6
3738,7
3956,8
3634,9
3761,10
3529,2
3466,11
3460,7
3554,7
3510,8
3752,11
3972,3
3443,4
3602,1
3668,5
3726,5
3630,5
3821,3
3758,3
3937,1
3593,1
3680,4
3568,6
3782,5
3931,2
3601,4
3881,2
3558,8
3906,7
3793,4
3810,9
3584,6
3947,7
3764,7
3468,1
3768,2
3786,10
3623,8
3534,5
3506,2
3924,5
3951,10
3833,8
3718,11
3711,7
3900,3
3826,9
3794,11
3869,6
3822,12
3486,13
3569,14
3463,15
3714,9
3706,10
3969,1
3509,12
3591,6
3870,2
3909,1
3896,3
3643,12
3458,5
3493,11
3719,4
3646,13
3648,6
3803,2
3903,4
3976,2
3620,4
3855,4
3792,2
3511,5
3555,4
3645,2
3524,3
3866,9
3818,10
3535,7
3784,5
3825,8
3499,9
3612,2
3564,7
3690,8
3532,3
3459,6
3823,5
3895,5
3515,3
3770,7
3631,3
3572,2
3483,2
3763,2
3622,5
3878,6
3767,1
3958,5
3614,1
3671,1
3834,4
3777,5
3583,1
3600,6
3507,1
3973,1
3914,1
3843,1
3539,2
3754,3
3904,1
3893,3
3836,4
3859,1
3724,4
3678,1
3759,3
3957,5
3837,6
3774,2
3757,7
3571,8
3519,9
3579,10
3465,11
3975,12
3708,13
3701,1
3476,8
3675,1
3899,3
3799,3
3775,3
3566,1
3487,3
3723,4
3530,1
3551,5
3961,2
3925,4
3652,2
3694,1
3544,1
3965,2
3953,1
3910,3
3882,3
3616,2
3638,4
3647,5
3439,1
3932,6
3716,7
3848,5
3513,4
3844,1
3789,3
3923,4
3749,5
3751,1
3787,5
3653,4
3771,1
3665,1
3676,3
3489,4
3890,1
3887,1
3537,4
3849,2
3444,4
3742,1
3978,2
3954,2
3952,1
3946,1
3781,2
3673,3
3494,2
868,0
865,3
3955,1
3928,1
3816,2
3733,1
3699,3
3689,2
3597,1
3582,1
3575,1
3467,1
56,0
67,2
322,3
21,4
122,5
315,6
304,7
271,8
26,9
277,10
252,11
9,12
188,13
285,4
170,14
200,6
25,7
186,15
239,12
142,7
323,11
104,14
113,3
119,15
98,13
325,16
109,17
203,11
169,13
332,3
13,5
313,7
118,4
199,10
223,3
342,6
261,9
211,2
172,14
265,15
40,5
238,3
82,6
128,4
297,10
59,7
280,0
236,12
334,8
185,5
62,4
141,3
272,6
161,6
72,4
331,5
123,0
291,2
232,11
224,0
324,8
213,7
308,0
303,8
248,0
148,2
276,2
212,3
133,7
55,3
3,3
103,3
290,4
329,7
158,4
231,4
134,5
345,0
66,6
176,0
79,0
298,2
339,0
31,3
75,4
85,2
341,2
45,4
318,2
268,0
222,5
257,2
30,2
132,2
258,0
39,5
105,3
274,0
178,5
88,2
65,2
314,0
50,4
10,0
1,4
48,0
84,4
156,3
121,2
165,0
295,4
16,0
29,3
53,5
130,6
146,3
7,4
87,5
246,2
5,0
168,5
73,3
69,0
221,2
60,5
208,0
242,0
204,2
346,3
249,4
94,8
80,5
302,7
92,6
180,9
194,10
101,11
266,12
254,13
187,2
299,12
24,13
330,9
57,8
196,0
320,2
184,0
159,3
284,6
281,7
108,5
197,8
127,9
251,3
36,4
309,5
135,10
139,4
300,0
150,0
22,2
344,0
106,0
54,2
347,3
317,0
311,3
129,6
340,3
63,2
96,2
38,2
260,2
217,3
100,2
338,2
189,4
64,5
126,5
269,0
229,0
163,3
250,0
235,2
27,0
237,0
83,2
51,5
23,3
117,3
77,0
283,0
288,0
190,4
125,0
175,0
227,2
99,4
143,3
177,5
278,6
225,7
68,6
131,0
86,3
296,3
263,5
102,6
46,2
19,3
270,0
206,0
202,0
166,3
198,0
124,0
120,0
336,0
321,2
294,2
247,2
240,0
228,2
207,2
191,0
164,0
76,2
312,0
41,2
115,4
343,5
214,6
116,7
326,3
14,8
144,6
226,9
20,7
149,2
28,5
140,8
17,5
137,7
2,6
111,4
310,0
333,0
162,4
151,3
44,3
337,3
93,5
243,4
167,2
32,4
230,0
289,0
307,2
262,2
220,3
71,3
635,0
583,1
662,2
661,3
659,5
658,6
643,7
627,8
615,9
600,10
578,11
681,12
675,13
670,14
640,15
599,16
577,17
582,18
632,12
595,16
650,9
647,3
665,0
576,0
628,5
3538,1
3743,3
3725,4
3868,5
3473,6
3917,7
3912,8
3874,9
3567,10
3739,7
3595,9
3892,10
3819,10
3541,7
3857,8
3657,6
3871,5
3445,6
3662,2
3549,3
3490,4
3531,5
3546,1
3863,6
3446,7
3624,5
3814,1
3682,5
3905,1
3585,1
3812,1
3536,4
3679,2
3894,3
3580,5
3806,4
3963,5
3447,1
3441,3
3949,2
3727,3
3745,4
3606,1
3939,3
3811,3
3898,1
3883,3
3695,4
3649,5
3613,6
3562,7
3479,8
3523,9
3516,10
3919,11
3481,9
3639,11
3594,10
3581,2
3502,3
3911,1
3864,4
3813,5
3700,6
3669,7
3105,0
2975,2
3200,2
3141,3
3053,4
3354,5
3218,6
3122,7
2861,0
2799,3
3216,5
2776,2
3271,4
532,0
437,1
498,3
406,2
453,0
572,2
467,3
499,2
3251,2
564,1
364,2
501,3
441,4
399,6
393,7
476,1
351,3
454,0
3181,0
3180,3
3131,4
2930,5
2732,6
3372,7
2902,7
319,0
89,2
219,3
147,4
6,5
95,3
327,4
871,0
881,2
870,3
895,4
858,5
879,4
866,0
894,2
1890,1
245,0
259,2
91,3
8,4
264,0
110,5
193,0
201,0
61,2
192,0
152,2
275,0
181,3
4,4
328,2
306,5
273,6
218,7
195,8
78,9
2565,2
1996,3
2527,1
1194,2
1105,2
1002,3
1208,1
174,0
293,2
112,2
49,2
3801,1
3744,1
3717,3
3691,1
3560,3
2595,2
2483,3
2481,2
1760,2
1693,3
1627,2
1027,3
1586,1
1046,3
1253,1
1071,2
904,1
411,0
356,2
386,1
383,0
301,0
253,2
182,0
157,2
155,0
97,2
81,2
3959,1
3942,1
3922,1
3885,2
3879,2
3875,2
3854,2
3808,2
3807,1
3732,1
3704,1
3688,1
3589,1
3408,0
3282,0
3134,0
3125,0
3006,0
2857,0
2814,0
2788,0
2740,0
2704,0
2541,2
2382,2
1967,1
1854,1
1755,1
1690,1
1558,1
1430,1
1395,1
1394,2
1326,1
1276,1
1270,2
1262,1
1233,2
1224,2
1176,1
1065,2
648,0
468,1
443,1
401,0
379,1
377,1
316,2
305,2
286,0
279,0
267,0
255,0
241,0
234,0
216,0
205,2
183,0
160,0
154,0
153,2
138,0
70,2
52,2
47,2
35,0
686,0
828,2
713,3
805,4
719,5
747,6
745,7
823,8
830,9
697,10
800,11
705,1
694,6
781,12
827,13
834,14
760,15
824,11
724,16
726,13
853,10
752,15
815,1
688,7
766,12
695,2
820,3
842,8
784,4
773,9
829,13
810,16
847,8
731,11
819,12
774,13
814,6
706,12
780,5
696,1
708,4
840,14
856,3
754,3
701,1
849,8
739,9
727,3
738,5
711,9
703,7
728,10
838,13
792,14
764,3
807,5
718,9
687,1
734,1
835,4
741,9
795,2
779,6
777,4
772,8
709,1
848,4
762,2
787,2
770,5
797,11
817,6
845,4
755,3
748,4
758,5
809,4
783,7
793,1
737,8
730,5
794,6
722,2
720,6
831,2
844,5
778,4
693,6
765,2
843,6
723,4
715,2
803,4
763,7
716,1
769,5
753,2
836,4
751,1
826,1
756,2
821,2
837,3
759,3
808,7
690,1
812,5
799,3
811,2
880,0
740,1
710,1
804,2
813,1
761,2
869,0
890,3
700,3
782,4
850,2
736,1
818,2
742,2
786,3
733,1
768,4
816,5
746,6
833,2
707,3
712,6
839,3
822,1
771,1
789,5
714,4
806,6
732,7
725,5
689,2
702,6
767,2
796,3
791,4
846,4
691,3
802,3
735,1
721,2
729,4
889,0
876,5
863,6
878,7
861,8
888,9
886,3
882,7
798,2
704,1
851,1
788,2
825,2
864,0
893,2
884,3
832,1
790,2
854,1
785,2
743,1
776,2
885,0
867,3
874,4
872,5
887,6
873,6
877,4
855,1
852,3
717,4
757,1
859,2
841,2
775,2
750,1
749,2
744,1
699,1
3980,1
4031,2
4011,3
3989,2
4023,0
4004,3
4038,4
4013,5
4020,0
4027,3
4002,4
4030,2
4014,3
3998,2
3982,4
4021,0
3986,5
4026,3
4017,4
4000,6
3997,3
3994,5
4009,6
3981,4
4019,0
4018,6
4003,3
3995,2
3988,3
4037,2
3993,0
3985,4
3996,0
4033,0
3992,0
3999,0
4005,3
3991,0
4036,2
4034,2
4032,0
4028,2
4006,0
3983,0
3127,0
3074,2
3055,3
2774,4
3147,5
2817,5
4025,0
4016,2
4007,3
3990,4
3037,0
2792,2
2691,3
179,0
145,2
90,2
4029,0
4001,2
4012,0
3987,2
3846,1
3746,2
3407,0
3268,2
860,0
642,0
581,1
282,0
244,2
256,0
233,2
42,0
33,2
4035,0
4024,0
4022,0
4015,0
4010,0
4008,0
3984,0
3974,1
3935,1
3856,1
3853,1
3820,1
3798,1
3748,1
3729,1
3709,1
3650,1
3570,1
3453,1
3451,1
3230,0
3183,0
3071,0
3031,0
2842,0
2596,1
2569,1
2470,1
2457,1
2269,1
2195,1
2079,1
1834,1
1581,1
1560,1
1466,1
1386,1
1206,1
1145,1
1119,1
1096,1
918,1
911,1
892,0
891,0
883,0
875,0
801,1
692,1
674,0
668,0
638,0
624,0
613,0
608,0
607,0
602,0
585,0
550,0
447,0
358,0
335,0
292,0
287,0
215,0
210,0
209,0
114,0
74,0
43,0
37,0
18,0
15,0
12,0
11,0
